text,label
Government replacing oxygen with invisible gas tomorrow. Story #184.,Fake
Technology company unveils new AI software for businesses. Report #59.,Real
Dinosaurs found alive inside shopping mall basement. Story #290.,Fake
Government replacing oxygen with invisible gas tomorrow. Story #133.,Fake
Scientists discover promising treatment after clinical trials. Report #42.,Real
Drinking bleach cures every disease instantly. Story #373.,Fake
Drinking bleach cures every disease instantly. Story #331.,Fake
Researchers report water conservation improves crop yield. Report #268.,Real
Government announces new education policy in parliament. Report #156.,Real
Technology company unveils new AI software for businesses. Report #90.,Real
Chocolate proven to make people immortal overnight. Story #51.,Fake
Invisible dragons spotted flying over downtown. Story #108.,Fake
Drinking bleach cures every disease instantly. Story #285.,Fake
City opens new bridge to reduce traffic congestion. Report #466.,Real
Cats officially declared smarter than all scientists. Story #185.,Fake
Researchers report water conservation improves crop yield. Report #348.,Real
Health ministry launches nationwide vaccination campaign. Report #299.,Real
Researchers report water conservation improves crop yield. Report #29.,Real
City opens new bridge to reduce traffic congestion. Report #186.,Real
University publishes study on renewable energy adoption. Report #99.,Real
Time traveler wins every lottery for next century. Story #172.,Fake
Scientists discover promising treatment after clinical trials. Report #241.,Real
Chocolate proven to make people immortal overnight. Story #33.,Fake
Aliens secretly elected the president yesterday. Story #350.,Fake
Scientists discover promising treatment after clinical trials. Report #225.,Real
Aliens secretly elected the president yesterday. Story #314.,Fake
Cats officially declared smarter than all scientists. Story #366.,Fake
Dinosaurs found alive inside shopping mall basement. Story #358.,Fake
Time traveler wins every lottery for next century. Story #157.,Fake
Researchers report water conservation improves crop yield. Report #434.,Real
Mermaids discovered running international banks. Story #43.,Fake
Health ministry launches nationwide vaccination campaign. Report #149.,Real
University publishes study on renewable energy adoption. Report #187.,Real
Moon made entirely of cheese confirmed by experts. Story #208.,Fake
Government announces new education policy in parliament. Report #309.,Real
Dinosaurs found alive inside shopping mall basement. Story #253.,Fake
Government replacing oxygen with invisible gas tomorrow. Story #76.,Fake
Researchers report water conservation improves crop yield. Report #236.,Real
Moon made entirely of cheese confirmed by experts. Story #495.,Fake
Cats officially declared smarter than all scientists. Story #463.,Fake
Scientists discover promising treatment after clinical trials. Report #82.,Real
City opens new bridge to reduce traffic congestion. Report #409.,Real
Technology company unveils new AI software for businesses. Report #401.,Real
Moon made entirely of cheese confirmed by experts. Story #294.,Fake
Researchers report water conservation improves crop yield. Report #172.,Real
Cats officially declared smarter than all scientists. Story #216.,Fake
City opens new bridge to reduce traffic congestion. Report #246.,Real
Scientists discover promising treatment after clinical trials. Report #448.,Real
City opens new bridge to reduce traffic congestion. Report #374.,Real
Dinosaurs found alive inside shopping mall basement. Story #228.,Fake
Drinking bleach cures every disease instantly. Story #383.,Fake
Cats officially declared smarter than all scientists. Story #343.,Fake
City opens new bridge to reduce traffic congestion. Report #107.,Real
Chocolate proven to make people immortal overnight. Story #48.,Fake
Health ministry launches nationwide vaccination campaign. Report #231.,Real
Time traveler wins every lottery for next century. Story #69.,Fake
Technology company unveils new AI software for businesses. Report #306.,Real
Health ministry launches nationwide vaccination campaign. Report #427.,Real
Aliens secretly elected the president yesterday. Story #112.,Fake
Chocolate proven to make people immortal overnight. Story #62.,Fake
Government replacing oxygen with invisible gas tomorrow. Story #443.,Fake
Local authorities inaugurate new public hospital. Report #183.,Real
Drinking bleach cures every disease instantly. Story #421.,Fake
Researchers report water conservation improves crop yield. Report #11.,Real
Health ministry launches nationwide vaccination campaign. Report #12.,Real
Researchers report water conservation improves crop yield. Report #406.,Real
University publishes study on renewable energy adoption. Report #194.,Real
Drinking bleach cures every disease instantly. Story #485.,Fake
Government replacing oxygen with invisible gas tomorrow. Story #272.,Fake
Government announces new education policy in parliament. Report #169.,Real
Local authorities inaugurate new public hospital. Report #341.,Real
Invisible dragons spotted flying over downtown. Story #3.,Fake
Aliens secretly elected the president yesterday. Story #100.,Fake
Aliens secretly elected the president yesterday. Story #169.,Fake
Mermaids discovered running international banks. Story #72.,Fake
Cats officially declared smarter than all scientists. Story #117.,Fake
Researchers report water conservation improves crop yield. Report #459.,Real
Cats officially declared smarter than all scientists. Story #39.,Fake
Scientists discover promising treatment after clinical trials. Report #222.,Real
Government announces new education policy in parliament. Report #440.,Real
Local authorities inaugurate new public hospital. Report #134.,Real
Government announces new education policy in parliament. Report #337.,Real
Researchers report water conservation improves crop yield. Report #479.,Real
Drinking bleach cures every disease instantly. Story #346.,Fake
City opens new bridge to reduce traffic congestion. Report #10.,Real
Technology company unveils new AI software for businesses. Report #307.,Real
Time traveler wins every lottery for next century. Story #427.,Fake
City opens new bridge to reduce traffic congestion. Report #462.,Real
Health ministry launches nationwide vaccination campaign. Report #224.,Real
Government replacing oxygen with invisible gas tomorrow. Story #165.,Fake
Mermaids discovered running international banks. Story #212.,Fake
Chocolate proven to make people immortal overnight. Story #438.,Fake
Mermaids discovered running international banks. Story #35.,Fake
Central bank updates interest rate following economic review. Report #396.,Real
Mermaids discovered running international banks. Story #53.,Fake
Drinking bleach cures every disease instantly. Story #398.,Fake
Aliens secretly elected the president yesterday. Story #220.,Fake
Dinosaurs found alive inside shopping mall basement. Story #34.,Fake
Local authorities inaugurate new public hospital. Report #221.,Real
Central bank updates interest rate following economic review. Report #57.,Real
Scientists discover promising treatment after clinical trials. Report #445.,Real
Researchers report water conservation improves crop yield. Report #23.,Real
Moon made entirely of cheese confirmed by experts. Story #488.,Fake
Technology company unveils new AI software for businesses. Report #444.,Real
Scientists discover promising treatment after clinical trials. Report #135.,Real
Local authorities inaugurate new public hospital. Report #175.,Real
Drinking bleach cures every disease instantly. Story #92.,Fake
Meteorological department forecasts heavy rainfall this weekend. Report #14.,Real
Government replacing oxygen with invisible gas tomorrow. Story #305.,Fake
Invisible dragons spotted flying over downtown. Story #241.,Fake
Aliens secretly elected the president yesterday. Story #436.,Fake
Government replacing oxygen with invisible gas tomorrow. Story #455.,Fake
University publishes study on renewable energy adoption. Report #347.,Real
Meteorological department forecasts heavy rainfall this weekend. Report #381.,Real
Technology company unveils new AI software for businesses. Report #425.,Real
Dinosaurs found alive inside shopping mall basement. Story #9.,Fake
Researchers report water conservation improves crop yield. Report #154.,Real
Time traveler wins every lottery for next century. Story #153.,Fake
Mermaids discovered running international banks. Story #407.,Fake
University publishes study on renewable energy adoption. Report #289.,Real
Cats officially declared smarter than all scientists. Story #345.,Fake
Scientists discover promising treatment after clinical trials. Report #133.,Real
Local authorities inaugurate new public hospital. Report #20.,Real
Dinosaurs found alive inside shopping mall basement. Story #95.,Fake
Technology company unveils new AI software for businesses. Report #44.,Real
Cats officially declared smarter than all scientists. Story #138.,Fake
Local authorities inaugurate new public hospital. Report #490.,Real
Invisible dragons spotted flying over downtown. Story #332.,Fake
Researchers report water conservation improves crop yield. Report #69.,Real
Government replacing oxygen with invisible gas tomorrow. Story #416.,Fake
Government replacing oxygen with invisible gas tomorrow. Story #4.,Fake
Meteorological department forecasts heavy rainfall this weekend. Report #360.,Real
Invisible dragons spotted flying over downtown. Story #124.,Fake
Meteorological department forecasts heavy rainfall this weekend. Report #152.,Real
Drinking bleach cures every disease instantly. Story #460.,Fake
Government announces new education policy in parliament. Report #245.,Real
City opens new bridge to reduce traffic congestion. Report #173.,Real
Scientists discover promising treatment after clinical trials. Report #321.,Real
Cats officially declared smarter than all scientists. Story #392.,Fake
Government announces new education policy in parliament. Report #33.,Real
Technology company unveils new AI software for businesses. Report #382.,Real
Aliens secretly elected the president yesterday. Story #424.,Fake
Cats officially declared smarter than all scientists. Story #492.,Fake
Aliens secretly elected the president yesterday. Story #52.,Fake
Drinking bleach cures every disease instantly. Story #193.,Fake
Dinosaurs found alive inside shopping mall basement. Story #103.,Fake
Mermaids discovered running international banks. Story #489.,Fake
Aliens secretly elected the president yesterday. Story #271.,Fake
Drinking bleach cures every disease instantly. Story #344.,Fake
Time traveler wins every lottery for next century. Story #25.,Fake
Government replacing oxygen with invisible gas tomorrow. Story #288.,Fake
Moon made entirely of cheese confirmed by experts. Story #479.,Fake
Aliens secretly elected the president yesterday. Story #91.,Fake
Health ministry launches nationwide vaccination campaign. Report #478.,Real
Health ministry launches nationwide vaccination campaign. Report #290.,Real
Dinosaurs found alive inside shopping mall basement. Story #266.,Fake
Central bank updates interest rate following economic review. Report #164.,Real
Invisible dragons spotted flying over downtown. Story #36.,Fake
Moon made entirely of cheese confirmed by experts. Story #412.,Fake
Moon made entirely of cheese confirmed by experts. Story #397.,Fake
Health ministry launches nationwide vaccination campaign. Report #367.,Real
Government replacing oxygen with invisible gas tomorrow. Story #439.,Fake
Researchers report water conservation improves crop yield. Report #147.,Real
Invisible dragons spotted flying over downtown. Story #192.,Fake
Chocolate proven to make people immortal overnight. Story #449.,Fake
Government announces new education policy in parliament. Report #58.,Real
Invisible dragons spotted flying over downtown. Story #66.,Fake
Meteorological department forecasts heavy rainfall this weekend. Report #366.,Real
Scientists discover promising treatment after clinical trials. Report #468.,Real
University publishes study on renewable energy adoption. Report #229.,Real
Aliens secretly elected the president yesterday. Story #277.,Fake
City opens new bridge to reduce traffic congestion. Report #433.,Real
Chocolate proven to make people immortal overnight. Story #111.,Fake
Government announces new education policy in parliament. Report #436.,Real
Aliens secretly elected the president yesterday. Story #452.,Fake
Dinosaurs found alive inside shopping mall basement. Story #349.,Fake
Time traveler wins every lottery for next century. Story #78.,Fake
Drinking bleach cures every disease instantly. Story #149.,Fake
Dinosaurs found alive inside shopping mall basement. Story #202.,Fake
Scientists discover promising treatment after clinical trials. Report #456.,Real
Mermaids discovered running international banks. Story #176.,Fake
Dinosaurs found alive inside shopping mall basement. Story #82.,Fake
Meteorological department forecasts heavy rainfall this weekend. Report #326.,Real
Scientists discover promising treatment after clinical trials. Report #70.,Real
Local authorities inaugurate new public hospital. Report #346.,Real
Chocolate proven to make people immortal overnight. Story #263.,Fake
Government replacing oxygen with invisible gas tomorrow. Story #152.,Fake
Scientists discover promising treatment after clinical trials. Report #480.,Real
Local authorities inaugurate new public hospital. Report #237.,Real
City opens new bridge to reduce traffic congestion. Report #15.,Real
Technology company unveils new AI software for businesses. Report #89.,Real
Mermaids discovered running international banks. Story #21.,Fake
Government replacing oxygen with invisible gas tomorrow. Story #143.,Fake
Mermaids discovered running international banks. Story #240.,Fake
Time traveler wins every lottery for next century. Story #451.,Fake
Time traveler wins every lottery for next century. Story #335.,Fake
Drinking bleach cures every disease instantly. Story #125.,Fake
Central bank updates interest rate following economic review. Report #272.,Real
Dinosaurs found alive inside shopping mall basement. Story #476.,Fake
Scientists discover promising treatment after clinical trials. Report #264.,Real
Aliens secretly elected the president yesterday. Story #320.,Fake
Health ministry launches nationwide vaccination campaign. Report #95.,Real
University publishes study on renewable energy adoption. Report #499.,Real
Mermaids discovered running international banks. Story #181.,Fake
Scientists discover promising treatment after clinical trials. Report #50.,Real
Time traveler wins every lottery for next century. Story #323.,Fake
Cats officially declared smarter than all scientists. Story #84.,Fake
Government replacing oxygen with invisible gas tomorrow. Story #309.,Fake
Health ministry launches nationwide vaccination campaign. Report #162.,Real
Dinosaurs found alive inside shopping mall basement. Story #74.,Fake
Drinking bleach cures every disease instantly. Story #456.,Fake
Mermaids discovered running international banks. Story #28.,Fake
Mermaids discovered running international banks. Story #142.,Fake
Health ministry launches nationwide vaccination campaign. Report #16.,Real
Scientists discover promising treatment after clinical trials. Report #73.,Real
University publishes study on renewable energy adoption. Report #24.,Real
Scientists discover promising treatment after clinical trials. Report #365.,Real
Government replacing oxygen with invisible gas tomorrow. Story #275.,Fake
Government replacing oxygen with invisible gas tomorrow. Story #453.,Fake
Technology company unveils new AI software for businesses. Report #188.,Real
Mermaids discovered running international banks. Story #415.,Fake
Local authorities inaugurate new public hospital. Report #91.,Real
Government announces new education policy in parliament. Report #314.,Real
Mermaids discovered running international banks. Story #44.,Fake
University publishes study on renewable energy adoption. Report #26.,Real
Chocolate proven to make people immortal overnight. Story #348.,Fake
Health ministry launches nationwide vaccination campaign. Report #132.,Real
Central bank updates interest rate following economic review. Report #281.,Real
City opens new bridge to reduce traffic congestion. Report #123.,Real
Time traveler wins every lottery for next century. Story #378.,Fake
Government replacing oxygen with invisible gas tomorrow. Story #175.,Fake
Moon made entirely of cheese confirmed by experts. Story #409.,Fake
Time traveler wins every lottery for next century. Story #292.,Fake
Invisible dragons spotted flying over downtown. Story #182.,Fake
University publishes study on renewable energy adoption. Report #191.,Real
Drinking bleach cures every disease instantly. Story #298.,Fake
Government announces new education policy in parliament. Report #487.,Real
Dinosaurs found alive inside shopping mall basement. Story #126.,Fake
University publishes study on renewable energy adoption. Report #13.,Real
Researchers report water conservation improves crop yield. Report #81.,Real
University publishes study on renewable energy adoption. Report #285.,Real
Researchers report water conservation improves crop yield. Report #379.,Real
Government replacing oxygen with invisible gas tomorrow. Story #475.,Fake
Cats officially declared smarter than all scientists. Story #120.,Fake
Scientists discover promising treatment after clinical trials. Report #316.,Real
Moon made entirely of cheese confirmed by experts. Story #132.,Fake
Time traveler wins every lottery for next century. Story #402.,Fake
Central bank updates interest rate following economic review. Report #358.,Real
Aliens secretly elected the president yesterday. Story #318.,Fake
Time traveler wins every lottery for next century. Story #375.,Fake
City opens new bridge to reduce traffic congestion. Report #305.,Real
University publishes study on renewable energy adoption. Report #65.,Real
Mermaids discovered running international banks. Story #301.,Fake
Mermaids discovered running international banks. Story #204.,Fake
Government replacing oxygen with invisible gas tomorrow. Story #431.,Fake
Government announces new education policy in parliament. Report #94.,Real
Mermaids discovered running international banks. Story #67.,Fake
Government replacing oxygen with invisible gas tomorrow. Story #14.,Fake
Invisible dragons spotted flying over downtown. Story #226.,Fake
Cats officially declared smarter than all scientists. Story #104.,Fake
Drinking bleach cures every disease instantly. Story #147.,Fake
Dinosaurs found alive inside shopping mall basement. Story #232.,Fake
Researchers report water conservation improves crop yield. Report #21.,Real
Researchers report water conservation improves crop yield. Report #170.,Real
Aliens secretly elected the president yesterday. Story #278.,Fake
Cats officially declared smarter than all scientists. Story #359.,Fake
University publishes study on renewable energy adoption. Report #376.,Real
University publishes study on renewable energy adoption. Report #372.,Real
Health ministry launches nationwide vaccination campaign. Report #393.,Real
Local authorities inaugurate new public hospital. Report #432.,Real
Cats officially declared smarter than all scientists. Story #385.,Fake
Cats officially declared smarter than all scientists. Story #54.,Fake
Chocolate proven to make people immortal overnight. Story #284.,Fake
Government announces new education policy in parliament. Report #106.,Real
Scientists discover promising treatment after clinical trials. Report #258.,Real
Dinosaurs found alive inside shopping mall basement. Story #276.,Fake
Meteorological department forecasts heavy rainfall this weekend. Report #216.,Real
Time traveler wins every lottery for next century. Story #435.,Fake
Central bank updates interest rate following economic review. Report #141.,Real
City opens new bridge to reduce traffic congestion. Report #475.,Real
Invisible dragons spotted flying over downtown. Story #89.,Fake
Local authorities inaugurate new public hospital. Report #275.,Real
Scientists discover promising treatment after clinical trials. Report #486.,Real
Meteorological department forecasts heavy rainfall this weekend. Report #485.,Real
Scientists discover promising treatment after clinical trials. Report #199.,Real
Central bank updates interest rate following economic review. Report #223.,Real
Chocolate proven to make people immortal overnight. Story #384.,Fake
Moon made entirely of cheese confirmed by experts. Story #269.,Fake
Mermaids discovered running international banks. Story #218.,Fake
Health ministry launches nationwide vaccination campaign. Report #143.,Real
Health ministry launches nationwide vaccination campaign. Report #329.,Real
Aliens secretly elected the president yesterday. Story #70.,Fake
Technology company unveils new AI software for businesses. Report #405.,Real
Moon made entirely of cheese confirmed by experts. Story #88.,Fake
Invisible dragons spotted flying over downtown. Story #401.,Fake
Mermaids discovered running international banks. Story #307.,Fake
Invisible dragons spotted flying over downtown. Story #187.,Fake
Time traveler wins every lottery for next century. Story #15.,Fake
Invisible dragons spotted flying over downtown. Story #174.,Fake
Central bank updates interest rate following economic review. Report #63.,Real
Health ministry launches nationwide vaccination campaign. Report #121.,Real
University publishes study on renewable energy adoption. Report #75.,Real
Technology company unveils new AI software for businesses. Report #79.,Real
Government announces new education policy in parliament. Report #31.,Real
City opens new bridge to reduce traffic congestion. Report #265.,Real
University publishes study on renewable energy adoption. Report #361.,Real
Government announces new education policy in parliament. Report #368.,Real
Chocolate proven to make people immortal overnight. Story #261.,Fake
Researchers report water conservation improves crop yield. Report #340.,Real
Aliens secretly elected the president yesterday. Story #302.,Fake
Local authorities inaugurate new public hospital. Report #461.,Real
Government replacing oxygen with invisible gas tomorrow. Story #255.,Fake
Local authorities inaugurate new public hospital. Report #247.,Real
University publishes study on renewable energy adoption. Report #349.,Real
City opens new bridge to reduce traffic congestion. Report #320.,Real
Government announces new education policy in parliament. Report #414.,Real
Local authorities inaugurate new public hospital. Report #417.,Real
Meteorological department forecasts heavy rainfall this weekend. Report #277.,Real
Aliens secretly elected the president yesterday. Story #259.,Fake
City opens new bridge to reduce traffic congestion. Report #120.,Real
Health ministry launches nationwide vaccination campaign. Report #428.,Real
Dinosaurs found alive inside shopping mall basement. Story #83.,Fake
Scientists discover promising treatment after clinical trials. Report #76.,Real
Government announces new education policy in parliament. Report #332.,Real
Cats officially declared smarter than all scientists. Story #98.,Fake
Government replacing oxygen with invisible gas tomorrow. Story #377.,Fake
Local authorities inaugurate new public hospital. Report #163.,Real
Time traveler wins every lottery for next century. Story #351.,Fake
Aliens secretly elected the president yesterday. Story #372.,Fake
Drinking bleach cures every disease instantly. Story #238.,Fake
Time traveler wins every lottery for next century. Story #134.,Fake
University publishes study on renewable energy adoption. Report #159.,Real
Chocolate proven to make people immortal overnight. Story #477.,Fake
Time traveler wins every lottery for next century. Story #80.,Fake
Meteorological department forecasts heavy rainfall this weekend. Report #254.,Real
Drinking bleach cures every disease instantly. Story #96.,Fake
University publishes study on renewable energy adoption. Report #80.,Real
Meteorological department forecasts heavy rainfall this weekend. Report #56.,Real
Meteorological department forecasts heavy rainfall this weekend. Report #210.,Real
Central bank updates interest rate following economic review. Report #310.,Real
Drinking bleach cures every disease instantly. Story #357.,Fake
Aliens secretly elected the president yesterday. Story #113.,Fake
Dinosaurs found alive inside shopping mall basement. Story #274.,Fake
Central bank updates interest rate following economic review. Report #54.,Real
Mermaids discovered running international banks. Story #222.,Fake
Researchers report water conservation improves crop yield. Report #403.,Real
Drinking bleach cures every disease instantly. Story #251.,Fake
Invisible dragons spotted flying over downtown. Story #121.,Fake
Chocolate proven to make people immortal overnight. Story #464.,Fake
Local authorities inaugurate new public hospital. Report #350.,Real
Government replacing oxygen with invisible gas tomorrow. Story #459.,Fake
Health ministry launches nationwide vaccination campaign. Report #201.,Real
Time traveler wins every lottery for next century. Story #17.,Fake
Technology company unveils new AI software for businesses. Report #108.,Real
Mermaids discovered running international banks. Story #164.,Fake
Dinosaurs found alive inside shopping mall basement. Story #411.,Fake
Meteorological department forecasts heavy rainfall this weekend. Report #426.,Real
Dinosaurs found alive inside shopping mall basement. Story #454.,Fake
University publishes study on renewable energy adoption. Report #355.,Real
Mermaids discovered running international banks. Story #291.,Fake
Chocolate proven to make people immortal overnight. Story #139.,Fake
Technology company unveils new AI software for businesses. Report #118.,Real
Time traveler wins every lottery for next century. Story #160.,Fake
Chocolate proven to make people immortal overnight. Story #306.,Fake
Central bank updates interest rate following economic review. Report #449.,Real
Drinking bleach cures every disease instantly. Story #201.,Fake
Drinking bleach cures every disease instantly. Story #94.,Fake
Central bank updates interest rate following economic review. Report #96.,Real
City opens new bridge to reduce traffic congestion. Report #411.,Real
Aliens secretly elected the president yesterday. Story #450.,Fake
Time traveler wins every lottery for next century. Story #71.,Fake
Scientists discover promising treatment after clinical trials. Report #442.,Real
Central bank updates interest rate following economic review. Report #116.,Real
Chocolate proven to make people immortal overnight. Story #242.,Fake
City opens new bridge to reduce traffic congestion. Report #203.,Real
Central bank updates interest rate following economic review. Report #330.,Real
Dinosaurs found alive inside shopping mall basement. Story #352.,Fake
Technology company unveils new AI software for businesses. Report #161.,Real
Health ministry launches nationwide vaccination campaign. Report #217.,Real
Researchers report water conservation improves crop yield. Report #27.,Real
Drinking bleach cures every disease instantly. Story #10.,Fake
Moon made entirely of cheese confirmed by experts. Story #247.,Fake
Health ministry launches nationwide vaccination campaign. Report #51.,Real
City opens new bridge to reduce traffic congestion. Report #357.,Real
Moon made entirely of cheese confirmed by experts. Story #356.,Fake
Cats officially declared smarter than all scientists. Story #491.,Fake
Meteorological department forecasts heavy rainfall this weekend. Report #167.,Real
Chocolate proven to make people immortal overnight. Story #422.,Fake
Cats officially declared smarter than all scientists. Story #376.,Fake
Government replacing oxygen with invisible gas tomorrow. Story #206.,Fake
Aliens secretly elected the president yesterday. Story #440.,Fake
Government announces new education policy in parliament. Report #252.,Real
Central bank updates interest rate following economic review. Report #128.,Real
Technology company unveils new AI software for businesses. Report #333.,Real
Mermaids discovered running international banks. Story #129.,Fake
Invisible dragons spotted flying over downtown. Story #299.,Fake
Scientists discover promising treatment after clinical trials. Report #416.,Real
Scientists discover promising treatment after clinical trials. Report #144.,Real
Time traveler wins every lottery for next century. Story #406.,Fake
University publishes study on renewable energy adoption. Report #328.,Real
Researchers report water conservation improves crop yield. Report #390.,Real
Invisible dragons spotted flying over downtown. Story #159.,Fake
Government announces new education policy in parliament. Report #408.,Real
Meteorological department forecasts heavy rainfall this weekend. Report #370.,Real
Dinosaurs found alive inside shopping mall basement. Story #364.,Fake
Central bank updates interest rate following economic review. Report #155.,Real
Chocolate proven to make people immortal overnight. Story #105.,Fake
Chocolate proven to make people immortal overnight. Story #167.,Fake
Meteorological department forecasts heavy rainfall this weekend. Report #383.,Real
Health ministry launches nationwide vaccination campaign. Report #438.,Real
Aliens secretly elected the president yesterday. Story #498.,Fake
Technology company unveils new AI software for businesses. Report #339.,Real
Researchers report water conservation improves crop yield. Report #139.,Real
Drinking bleach cures every disease instantly. Story #296.,Fake
Government announces new education policy in parliament. Report #452.,Real
City opens new bridge to reduce traffic congestion. Report #234.,Real
Local authorities inaugurate new public hospital. Report #115.,Real
Government announces new education policy in parliament. Report #62.,Real
Scientists discover promising treatment after clinical trials. Report #362.,Real
Scientists discover promising treatment after clinical trials. Report #482.,Real
Dinosaurs found alive inside shopping mall basement. Story #19.,Fake
Drinking bleach cures every disease instantly. Story #215.,Fake
Meteorological department forecasts heavy rainfall this weekend. Report #189.,Real
Health ministry launches nationwide vaccination campaign. Report #41.,Real
Local authorities inaugurate new public hospital. Report #464.,Real
Moon made entirely of cheese confirmed by experts. Story #29.,Fake
Technology company unveils new AI software for businesses. Report #359.,Real
Central bank updates interest rate following economic review. Report #2.,Real
Time traveler wins every lottery for next century. Story #484.,Fake
Health ministry launches nationwide vaccination campaign. Report #325.,Real
Scientists discover promising treatment after clinical trials. Report #140.,Real
City opens new bridge to reduce traffic congestion. Report #263.,Real
City opens new bridge to reduce traffic congestion. Report #233.,Real
Meteorological department forecasts heavy rainfall this weekend. Report #71.,Real
Scientists discover promising treatment after clinical trials. Report #235.,Real
Chocolate proven to make people immortal overnight. Story #367.,Fake
Meteorological department forecasts heavy rainfall this weekend. Report #421.,Real
Dinosaurs found alive inside shopping mall basement. Story #27.,Fake
Scientists discover promising treatment after clinical trials. Report #474.,Real
University publishes study on renewable energy adoption. Report #166.,Real
Cats officially declared smarter than all scientists. Story #248.,Fake
Scientists discover promising treatment after clinical trials. Report #419.,Real
Meteorological department forecasts heavy rainfall this weekend. Report #117.,Real
Health ministry launches nationwide vaccination campaign. Report #420.,Real
Meteorological department forecasts heavy rainfall this weekend. Report #377.,Real
Central bank updates interest rate following economic review. Report #25.,Real
Mermaids discovered running international banks. Story #119.,Fake
University publishes study on renewable energy adoption. Report #301.,Real
Technology company unveils new AI software for businesses. Report #38.,Real
Central bank updates interest rate following economic review. Report #213.,Real
Drinking bleach cures every disease instantly. Story #487.,Fake
Technology company unveils new AI software for businesses. Report #455.,Real
Central bank updates interest rate following economic review. Report #17.,Real
Moon made entirely of cheese confirmed by experts. Story #239.,Fake
Meteorological department forecasts heavy rainfall this weekend. Report #39.,Real
Moon made entirely of cheese confirmed by experts. Story #334.,Fake
Drinking bleach cures every disease instantly. Story #300.,Fake
Cats officially declared smarter than all scientists. Story #310.,Fake
Government announces new education policy in parliament. Report #477.,Real
Cats officially declared smarter than all scientists. Story #414.,Fake
Chocolate proven to make people immortal overnight. Story #368.,Fake
Central bank updates interest rate following economic review. Report #493.,Real
City opens new bridge to reduce traffic congestion. Report #64.,Real
Meteorological department forecasts heavy rainfall this weekend. Report #293.,Real
Researchers report water conservation improves crop yield. Report #242.,Real
Central bank updates interest rate following economic review. Report #142.,Real
Invisible dragons spotted flying over downtown. Story #262.,Fake
Government replacing oxygen with invisible gas tomorrow. Story #49.,Fake
Dinosaurs found alive inside shopping mall basement. Story #207.,Fake
Scientists discover promising treatment after clinical trials. Report #148.,Real
Mermaids discovered running international banks. Story #57.,Fake
Moon made entirely of cheese confirmed by experts. Story #413.,Fake
Invisible dragons spotted flying over downtown. Story #324.,Fake
Government announces new education policy in parliament. Report #295.,Real
Time traveler wins every lottery for next century. Story #328.,Fake
Chocolate proven to make people immortal overnight. Story #365.,Fake
Mermaids discovered running international banks. Story #156.,Fake
Time traveler wins every lottery for next century. Story #426.,Fake
University publishes study on renewable energy adoption. Report #249.,Real
Invisible dragons spotted flying over downtown. Story #472.,Fake
Dinosaurs found alive inside shopping mall basement. Story #87.,Fake
Time traveler wins every lottery for next century. Story #5.,Fake
Invisible dragons spotted flying over downtown. Story #246.,Fake
Scientists discover promising treatment after clinical trials. Report #146.,Real
Mermaids discovered running international banks. Story #196.,Fake
Researchers report water conservation improves crop yield. Report #323.,Real
Meteorological department forecasts heavy rainfall this weekend. Report #335.,Real
Invisible dragons spotted flying over downtown. Story #41.,Fake
Time traveler wins every lottery for next century. Story #237.,Fake
Dinosaurs found alive inside shopping mall basement. Story #190.,Fake
Meteorological department forecasts heavy rainfall this weekend. Report #45.,Real
Central bank updates interest rate following economic review. Report #219.,Real
Health ministry launches nationwide vaccination campaign. Report #334.,Real
Dinosaurs found alive inside shopping mall basement. Story #173.,Fake
Mermaids discovered running international banks. Story #490.,Fake
Government announces new education policy in parliament. Report #284.,Real
Dinosaurs found alive inside shopping mall basement. Story #230.,Fake
Moon made entirely of cheese confirmed by experts. Story #327.,Fake
Researchers report water conservation improves crop yield. Report #238.,Real
Scientists discover promising treatment after clinical trials. Report #124.,Real
Time traveler wins every lottery for next century. Story #59.,Fake
Meteorological department forecasts heavy rainfall this weekend. Report #138.,Real
Health ministry launches nationwide vaccination campaign. Report #109.,Real
Central bank updates interest rate following economic review. Report #469.,Real
Government replacing oxygen with invisible gas tomorrow. Story #2.,Fake
Local authorities inaugurate new public hospital. Report #255.,Real
Government replacing oxygen with invisible gas tomorrow. Story #444.,Fake
Invisible dragons spotted flying over downtown. Story #380.,Fake
Chocolate proven to make people immortal overnight. Story #101.,Fake
Researchers report water conservation improves crop yield. Report #230.,Real
Invisible dragons spotted flying over downtown. Story #81.,Fake
Scientists discover promising treatment after clinical trials. Report #467.,Real
Mermaids discovered running international banks. Story #418.,Fake
Chocolate proven to make people immortal overnight. Story #75.,Fake
City opens new bridge to reduce traffic congestion. Report #179.,Real
Time traveler wins every lottery for next century. Story #311.,Fake
Aliens secretly elected the president yesterday. Story #63.,Fake
Dinosaurs found alive inside shopping mall basement. Story #370.,Fake
Drinking bleach cures every disease instantly. Story #11.,Fake
Government announces new education policy in parliament. Report #7.,Real
Health ministry launches nationwide vaccination campaign. Report #423.,Real
University publishes study on renewable energy adoption. Report #269.,Real
City opens new bridge to reduce traffic congestion. Report #353.,Real
Time traveler wins every lottery for next century. Story #118.,Fake
Meteorological department forecasts heavy rainfall this weekend. Report #441.,Real
Dinosaurs found alive inside shopping mall basement. Story #374.,Fake
Mermaids discovered running international banks. Story #58.,Fake
Moon made entirely of cheese confirmed by experts. Story #223.,Fake
Chocolate proven to make people immortal overnight. Story #281.,Fake
Cats officially declared smarter than all scientists. Story #114.,Fake
Chocolate proven to make people immortal overnight. Story #245.,Fake
Mermaids discovered running international banks. Story #141.,Fake
Central bank updates interest rate following economic review. Report #46.,Real
Technology company unveils new AI software for businesses. Report #37.,Real
Researchers report water conservation improves crop yield. Report #384.,Real
Researchers report water conservation improves crop yield. Report #126.,Real
Invisible dragons spotted flying over downtown. Story #317.,Fake
Chocolate proven to make people immortal overnight. Story #313.,Fake
Meteorological department forecasts heavy rainfall this weekend. Report #232.,Real
Chocolate proven to make people immortal overnight. Story #198.,Fake
University publishes study on renewable energy adoption. Report #215.,Real
Drinking bleach cures every disease instantly. Story #321.,Fake
Moon made entirely of cheese confirmed by experts. Story #360.,Fake
Scientists discover promising treatment after clinical trials. Report #291.,Real
Dinosaurs found alive inside shopping mall basement. Story #264.,Fake
Drinking bleach cures every disease instantly. Story #200.,Fake
Moon made entirely of cheese confirmed by experts. Story #64.,Fake
Local authorities inaugurate new public hospital. Report #158.,Real
Local authorities inaugurate new public hospital. Report #292.,Real
Technology company unveils new AI software for businesses. Report #239.,Real
Time traveler wins every lottery for next century. Story #339.,Fake
Time traveler wins every lottery for next century. Story #400.,Fake
Moon made entirely of cheese confirmed by experts. Story #381.,Fake
City opens new bridge to reduce traffic congestion. Report #1.,Real
Dinosaurs found alive inside shopping mall basement. Story #179.,Fake
Local authorities inaugurate new public hospital. Report #318.,Real
Researchers report water conservation improves crop yield. Report #498.,Real
Local authorities inaugurate new public hospital. Report #114.,Real
City opens new bridge to reduce traffic congestion. Report #137.,Real
Government replacing oxygen with invisible gas tomorrow. Story #256.,Fake
Technology company unveils new AI software for businesses. Report #460.,Real
Moon made entirely of cheese confirmed by experts. Story #252.,Fake
Time traveler wins every lottery for next century. Story #354.,Fake
Health ministry launches nationwide vaccination campaign. Report #395.,Real
Mermaids discovered running international banks. Story #127.,Fake
Invisible dragons spotted flying over downtown. Story #462.,Fake
Chocolate proven to make people immortal overnight. Story #457.,Fake
Central bank updates interest rate following economic review. Report #351.,Real
Moon made entirely of cheese confirmed by experts. Story #289.,Fake
University publishes study on renewable energy adoption. Report #61.,Real
Time traveler wins every lottery for next century. Story #6.,Fake
Local authorities inaugurate new public hospital. Report #165.,Real
Mermaids discovered running international banks. Story #340.,Fake
Drinking bleach cures every disease instantly. Story #177.,Fake
Aliens secretly elected the president yesterday. Story #319.,Fake
Cats officially declared smarter than all scientists. Story #221.,Fake
Dinosaurs found alive inside shopping mall basement. Story #234.,Fake
Moon made entirely of cheese confirmed by experts. Story #211.,Fake
Government replacing oxygen with invisible gas tomorrow. Story #7.,Fake
Drinking bleach cures every disease instantly. Story #325.,Fake
Cats officially declared smarter than all scientists. Story #500.,Fake
Technology company unveils new AI software for businesses. Report #129.,Real
Researchers report water conservation improves crop yield. Report #439.,Real
Moon made entirely of cheese confirmed by experts. Story #65.,Fake
Dinosaurs found alive inside shopping mall basement. Story #342.,Fake
Mermaids discovered running international banks. Story #467.,Fake
Local authorities inaugurate new public hospital. Report #211.,Real
Aliens secretly elected the president yesterday. Story #23.,Fake
Mermaids discovered running international banks. Story #419.,Fake
Time traveler wins every lottery for next century. Story #150.,Fake
Government announces new education policy in parliament. Report #271.,Real
University publishes study on renewable energy adoption. Report #443.,Real
Aliens secretly elected the president yesterday. Story #110.,Fake
Local authorities inaugurate new public hospital. Report #491.,Real
Invisible dragons spotted flying over downtown. Story #469.,Fake
Time traveler wins every lottery for next century. Story #151.,Fake
Dinosaurs found alive inside shopping mall basement. Story #390.,Fake
Researchers report water conservation improves crop yield. Report #257.,Real
Local authorities inaugurate new public hospital. Report #297.,Real
Researchers report water conservation improves crop yield. Report #352.,Real
Time traveler wins every lottery for next century. Story #22.,Fake
Government replacing oxygen with invisible gas tomorrow. Story #42.,Fake
Local authorities inaugurate new public hospital. Report #28.,Real
Government replacing oxygen with invisible gas tomorrow. Story #31.,Fake
Scientists discover promising treatment after clinical trials. Report #35.,Real
Drinking bleach cures every disease instantly. Story #403.,Fake
Central bank updates interest rate following economic review. Report #111.,Real
Government announces new education policy in parliament. Report #178.,Real
Scientists discover promising treatment after clinical trials. Report #304.,Real
Aliens secretly elected the president yesterday. Story #243.,Fake
Invisible dragons spotted flying over downtown. Story #267.,Fake
Government replacing oxygen with invisible gas tomorrow. Story #122.,Fake
Researchers report water conservation improves crop yield. Report #110.,Real
Technology company unveils new AI software for businesses. Report #446.,Real
City opens new bridge to reduce traffic congestion. Report #274.,Real
Local authorities inaugurate new public hospital. Report #391.,Real
Central bank updates interest rate following economic review. Report #84.,Real
University publishes study on renewable energy adoption. Report #214.,Real
Time traveler wins every lottery for next century. Story #161.,Fake
Government announces new education policy in parliament. Report #67.,Real
Technology company unveils new AI software for businesses. Report #112.,Real
Dinosaurs found alive inside shopping mall basement. Story #85.,Fake
Researchers report water conservation improves crop yield. Report #457.,Real
Government replacing oxygen with invisible gas tomorrow. Story #448.,Fake
Local authorities inaugurate new public hospital. Report #386.,Real
Dinosaurs found alive inside shopping mall basement. Story #336.,Fake
Central bank updates interest rate following economic review. Report #296.,Real
City opens new bridge to reduce traffic congestion. Report #74.,Real
Drinking bleach cures every disease instantly. Story #227.,Fake
City opens new bridge to reduce traffic congestion. Report #18.,Real
Local authorities inaugurate new public hospital. Report #240.,Real
Scientists discover promising treatment after clinical trials. Report #260.,Real
Invisible dragons spotted flying over downtown. Story #466.,Fake
Technology company unveils new AI software for businesses. Report #259.,Real
Drinking bleach cures every disease instantly. Story #389.,Fake
Scientists discover promising treatment after clinical trials. Report #319.,Real
Local authorities inaugurate new public hospital. Report #244.,Real
Health ministry launches nationwide vaccination campaign. Report #262.,Real
Government announces new education policy in parliament. Report #103.,Real
Government announces new education policy in parliament. Report #463.,Real
Moon made entirely of cheese confirmed by experts. Story #250.,Fake
Government announces new education policy in parliament. Report #100.,Real
Government announces new education policy in parliament. Report #131.,Real
Moon made entirely of cheese confirmed by experts. Story #322.,Fake
Aliens secretly elected the president yesterday. Story #329.,Fake
Cats officially declared smarter than all scientists. Story #481.,Fake
Technology company unveils new AI software for businesses. Report #218.,Real
Moon made entirely of cheese confirmed by experts. Story #12.,Fake
Scientists discover promising treatment after clinical trials. Report #483.,Real
Mermaids discovered running international banks. Story #316.,Fake
Moon made entirely of cheese confirmed by experts. Story #236.,Fake
Local authorities inaugurate new public hospital. Report #492.,Real
City opens new bridge to reduce traffic congestion. Report #93.,Real
Moon made entirely of cheese confirmed by experts. Story #13.,Fake
Moon made entirely of cheese confirmed by experts. Story #387.,Fake
Meteorological department forecasts heavy rainfall this weekend. Report #228.,Real
Researchers report water conservation improves crop yield. Report #122.,Real
Cats officially declared smarter than all scientists. Story #363.,Fake
University publishes study on renewable energy adoption. Report #171.,Real
University publishes study on renewable energy adoption. Report #450.,Real
Mermaids discovered running international banks. Story #408.,Fake
Technology company unveils new AI software for businesses. Report #205.,Real
Mermaids discovered running international banks. Story #333.,Fake
Researchers report water conservation improves crop yield. Report #204.,Real
Researchers report water conservation improves crop yield. Report #40.,Real
Local authorities inaugurate new public hospital. Report #160.,Real
Researchers report water conservation improves crop yield. Report #342.,Real
Government replacing oxygen with invisible gas tomorrow. Story #8.,Fake
City opens new bridge to reduce traffic congestion. Report #9.,Real
Time traveler wins every lottery for next century. Story #478.,Fake
Invisible dragons spotted flying over downtown. Story #38.,Fake
City opens new bridge to reduce traffic congestion. Report #256.,Real
Technology company unveils new AI software for businesses. Report #288.,Real
Local authorities inaugurate new public hospital. Report #30.,Real
Dinosaurs found alive inside shopping mall basement. Story #231.,Fake
Chocolate proven to make people immortal overnight. Story #496.,Fake
University publishes study on renewable energy adoption. Report #302.,Real
Aliens secretly elected the president yesterday. Story #123.,Fake
Researchers report water conservation improves crop yield. Report #43.,Real
Meteorological department forecasts heavy rainfall this weekend. Report #55.,Real
Cats officially declared smarter than all scientists. Story #146.,Fake
Cats officially declared smarter than all scientists. Story #24.,Fake
Government replacing oxygen with invisible gas tomorrow. Story #233.,Fake
University publishes study on renewable energy adoption. Report #371.,Real
Aliens secretly elected the president yesterday. Story #186.,Fake
Invisible dragons spotted flying over downtown. Story #254.,Fake
Local authorities inaugurate new public hospital. Report #197.,Real
Technology company unveils new AI software for businesses. Report #497.,Real
Researchers report water conservation improves crop yield. Report #151.,Real
Dinosaurs found alive inside shopping mall basement. Story #130.,Fake
Technology company unveils new AI software for businesses. Report #52.,Real
Mermaids discovered running international banks. Story #410.,Fake
City opens new bridge to reduce traffic congestion. Report #454.,Real
Scientists discover promising treatment after clinical trials. Report #273.,Real
University publishes study on renewable energy adoption. Report #399.,Real
Mermaids discovered running international banks. Story #154.,Fake
Mermaids discovered running international banks. Story #395.,Fake
Cats officially declared smarter than all scientists. Story #18.,Fake
Aliens secretly elected the president yesterday. Story #434.,Fake
Drinking bleach cures every disease instantly. Story #203.,Fake
Central bank updates interest rate following economic review. Report #207.,Real
Drinking bleach cures every disease instantly. Story #283.,Fake
Aliens secretly elected the president yesterday. Story #86.,Fake
Meteorological department forecasts heavy rainfall this weekend. Report #130.,Real
Drinking bleach cures every disease instantly. Story #199.,Fake
Aliens secretly elected the president yesterday. Story #61.,Fake
City opens new bridge to reduce traffic congestion. Report #471.,Real
Government replacing oxygen with invisible gas tomorrow. Story #499.,Fake
Chocolate proven to make people immortal overnight. Story #304.,Fake
Invisible dragons spotted flying over downtown. Story #268.,Fake
Invisible dragons spotted flying over downtown. Story #137.,Fake
Mermaids discovered running international banks. Story #60.,Fake
Drinking bleach cures every disease instantly. Story #135.,Fake
City opens new bridge to reduce traffic congestion. Report #422.,Real
Meteorological department forecasts heavy rainfall this weekend. Report #88.,Real
Government announces new education policy in parliament. Report #400.,Real
Dinosaurs found alive inside shopping mall basement. Story #166.,Fake
Central bank updates interest rate following economic review. Report #453.,Real
Dinosaurs found alive inside shopping mall basement. Story #471.,Fake
Mermaids discovered running international banks. Story #148.,Fake
Cats officially declared smarter than all scientists. Story #315.,Fake
Time traveler wins every lottery for next century. Story #99.,Fake
Government replacing oxygen with invisible gas tomorrow. Story #155.,Fake
City opens new bridge to reduce traffic congestion. Report #19.,Real
Chocolate proven to make people immortal overnight. Story #493.,Fake
Dinosaurs found alive inside shopping mall basement. Story #473.,Fake
Drinking bleach cures every disease instantly. Story #428.,Fake
Health ministry launches nationwide vaccination campaign. Report #286.,Real
University publishes study on renewable energy adoption. Report #136.,Real
Central bank updates interest rate following economic review. Report #495.,Real
Aliens secretly elected the president yesterday. Story #178.,Fake
Central bank updates interest rate following economic review. Report #195.,Real
Health ministry launches nationwide vaccination campaign. Report #473.,Real
Technology company unveils new AI software for businesses. Report #261.,Real
Aliens secretly elected the president yesterday. Story #197.,Fake
Invisible dragons spotted flying over downtown. Story #40.,Fake
Meteorological department forecasts heavy rainfall this weekend. Report #387.,Real
Chocolate proven to make people immortal overnight. Story #482.,Fake
Aliens secretly elected the president yesterday. Story #273.,Fake
Government announces new education policy in parliament. Report #5.,Real
Researchers report water conservation improves crop yield. Report #356.,Real
Government announces new education policy in parliament. Report #157.,Real
Technology company unveils new AI software for businesses. Report #267.,Real
Chocolate proven to make people immortal overnight. Story #128.,Fake
Chocolate proven to make people immortal overnight. Story #180.,Fake
City opens new bridge to reduce traffic congestion. Report #176.,Real
Health ministry launches nationwide vaccination campaign. Report #270.,Real
Drinking bleach cures every disease instantly. Story #465.,Fake
Mermaids discovered running international banks. Story #420.,Fake
Health ministry launches nationwide vaccination campaign. Report #431.,Real
Technology company unveils new AI software for businesses. Report #119.,Real
Health ministry launches nationwide vaccination campaign. Report #404.,Real
Mermaids discovered running international banks. Story #194.,Fake
Central bank updates interest rate following economic review. Report #488.,Real
City opens new bridge to reduce traffic congestion. Report #212.,Real
Chocolate proven to make people immortal overnight. Story #258.,Fake
Chocolate proven to make people immortal overnight. Story #163.,Fake
Health ministry launches nationwide vaccination campaign. Report #253.,Real
Aliens secretly elected the president yesterday. Story #213.,Fake
Invisible dragons spotted flying over downtown. Story #405.,Fake
Mermaids discovered running international banks. Story #144.,Fake
Drinking bleach cures every disease instantly. Story #303.,Fake
Government announces new education policy in parliament. Report #392.,Real
Health ministry launches nationwide vaccination campaign. Report #34.,Real
Moon made entirely of cheese confirmed by experts. Story #433.,Fake
Drinking bleach cures every disease instantly. Story #445.,Fake
Scientists discover promising treatment after clinical trials. Report #49.,Real
University publishes study on renewable energy adoption. Report #190.,Real
Technology company unveils new AI software for businesses. Report #322.,Real
Health ministry launches nationwide vaccination campaign. Report #198.,Real
Technology company unveils new AI software for businesses. Report #77.,Real
Scientists discover promising treatment after clinical trials. Report #283.,Real
Local authorities inaugurate new public hospital. Report #66.,Real
Time traveler wins every lottery for next century. Story #20.,Fake
Meteorological department forecasts heavy rainfall this weekend. Report #92.,Real
Scientists discover promising treatment after clinical trials. Report #185.,Real
University publishes study on renewable energy adoption. Report #311.,Real
Meteorological department forecasts heavy rainfall this weekend. Report #424.,Real
Central bank updates interest rate following economic review. Report #345.,Real
Drinking bleach cures every disease instantly. Story #116.,Fake
Central bank updates interest rate following economic review. Report #418.,Real
Dinosaurs found alive inside shopping mall basement. Story #97.,Fake
Government replacing oxygen with invisible gas tomorrow. Story #361.,Fake
University publishes study on renewable energy adoption. Report #227.,Real
Local authorities inaugurate new public hospital. Report #458.,Real
Dinosaurs found alive inside shopping mall basement. Story #235.,Fake
Meteorological department forecasts heavy rainfall this weekend. Report #102.,Real
City opens new bridge to reduce traffic congestion. Report #181.,Real
Aliens secretly elected the president yesterday. Story #265.,Fake
Researchers report water conservation improves crop yield. Report #398.,Real
Researchers report water conservation improves crop yield. Report #177.,Real
Moon made entirely of cheese confirmed by experts. Story #362.,Fake
Researchers report water conservation improves crop yield. Report #208.,Real
Drinking bleach cures every disease instantly. Story #295.,Fake
University publishes study on renewable energy adoption. Report #298.,Real
Mermaids discovered running international banks. Story #391.,Fake
Aliens secretly elected the president yesterday. Story #425.,Fake
Government replacing oxygen with invisible gas tomorrow. Story #214.,Fake
Meteorological department forecasts heavy rainfall this weekend. Report #410.,Real
Government announces new education policy in parliament. Report #470.,Real
Cats officially declared smarter than all scientists. Story #56.,Fake
Technology company unveils new AI software for businesses. Report #481.,Real
University publishes study on renewable energy adoption. Report #476.,Real
Chocolate proven to make people immortal overnight. Story #68.,Fake
Dinosaurs found alive inside shopping mall basement. Story #483.,Fake
Meteorological department forecasts heavy rainfall this weekend. Report #193.,Real
Time traveler wins every lottery for next century. Story #437.,Fake
Local authorities inaugurate new public hospital. Report #331.,Real
Drinking bleach cures every disease instantly. Story #371.,Fake
Meteorological department forecasts heavy rainfall this weekend. Report #369.,Real
Meteorological department forecasts heavy rainfall this weekend. Report #327.,Real
Researchers report water conservation improves crop yield. Report #8.,Real
Technology company unveils new AI software for businesses. Report #266.,Real
Dinosaurs found alive inside shopping mall basement. Story #341.,Fake
Moon made entirely of cheese confirmed by experts. Story #90.,Fake
University publishes study on renewable energy adoption. Report #415.,Real
Researchers report water conservation improves crop yield. Report #243.,Real
Scientists discover promising treatment after clinical trials. Report #68.,Real
Central bank updates interest rate following economic review. Report #278.,Real
Dinosaurs found alive inside shopping mall basement. Story #171.,Fake
City opens new bridge to reduce traffic congestion. Report #294.,Real
Scientists discover promising treatment after clinical trials. Report #375.,Real
Mermaids discovered running international banks. Story #330.,Fake
Technology company unveils new AI software for businesses. Report #308.,Real
Dinosaurs found alive inside shopping mall basement. Story #102.,Fake
Meteorological department forecasts heavy rainfall this weekend. Report #373.,Real
Drinking bleach cures every disease instantly. Story #423.,Fake
Mermaids discovered running international banks. Story #270.,Fake
Dinosaurs found alive inside shopping mall basement. Story #312.,Fake
Government replacing oxygen with invisible gas tomorrow. Story #279.,Fake
Chocolate proven to make people immortal overnight. Story #430.,Fake
Local authorities inaugurate new public hospital. Report #312.,Real
University publishes study on renewable energy adoption. Report #4.,Real
Scientists discover promising treatment after clinical trials. Report #494.,Real
Aliens secretly elected the president yesterday. Story #30.,Fake
Technology company unveils new AI software for businesses. Report #180.,Real
Technology company unveils new AI software for businesses. Report #336.,Real
Moon made entirely of cheese confirmed by experts. Story #107.,Fake
Researchers report water conservation improves crop yield. Report #407.,Real
Central bank updates interest rate following economic review. Report #280.,Real
Central bank updates interest rate following economic review. Report #36.,Real
Meteorological department forecasts heavy rainfall this weekend. Report #430.,Real
Time traveler wins every lottery for next century. Story #257.,Fake
Central bank updates interest rate following economic review. Report #226.,Real
Moon made entirely of cheese confirmed by experts. Story #280.,Fake
Researchers report water conservation improves crop yield. Report #364.,Real
Central bank updates interest rate following economic review. Report #22.,Real
Invisible dragons spotted flying over downtown. Story #217.,Fake
Technology company unveils new AI software for businesses. Report #32.,Real
Cats officially declared smarter than all scientists. Story #347.,Fake
University publishes study on renewable energy adoption. Report #209.,Real
Meteorological department forecasts heavy rainfall this weekend. Report #78.,Real
Moon made entirely of cheese confirmed by experts. Story #441.,Fake
Moon made entirely of cheese confirmed by experts. Story #432.,Fake
Chocolate proven to make people immortal overnight. Story #399.,Fake
Cats officially declared smarter than all scientists. Story #115.,Fake
Invisible dragons spotted flying over downtown. Story #26.,Fake
Health ministry launches nationwide vaccination campaign. Report #174.,Real
Cats officially declared smarter than all scientists. Story #224.,Fake
University publishes study on renewable energy adoption. Report #276.,Real
Mermaids discovered running international banks. Story #77.,Fake
Central bank updates interest rate following economic review. Report #313.,Real
Drinking bleach cures every disease instantly. Story #494.,Fake
Government replacing oxygen with invisible gas tomorrow. Story #480.,Fake
Technology company unveils new AI software for businesses. Report #72.,Real
Chocolate proven to make people immortal overnight. Story #73.,Fake
Local authorities inaugurate new public hospital. Report #472.,Real
Local authorities inaugurate new public hospital. Report #496.,Real
Health ministry launches nationwide vaccination campaign. Report #182.,Real
Cats officially declared smarter than all scientists. Story #382.,Fake
Invisible dragons spotted flying over downtown. Story #379.,Fake
City opens new bridge to reduce traffic congestion. Report #338.,Real
Technology company unveils new AI software for businesses. Report #354.,Real
Mermaids discovered running international banks. Story #287.,Fake
Time traveler wins every lottery for next century. Story #189.,Fake
Moon made entirely of cheese confirmed by experts. Story #447.,Fake
Invisible dragons spotted flying over downtown. Story #308.,Fake
Researchers report water conservation improves crop yield. Report #98.,Real
City opens new bridge to reduce traffic congestion. Report #412.,Real
Scientists discover promising treatment after clinical trials. Report #206.,Real
Mermaids discovered running international banks. Story #353.,Fake
Time traveler wins every lottery for next century. Story #297.,Fake
Health ministry launches nationwide vaccination campaign. Report #363.,Real
Technology company unveils new AI software for businesses. Report #83.,Real
Cats officially declared smarter than all scientists. Story #131.,Fake
Dinosaurs found alive inside shopping mall basement. Story #46.,Fake
Mermaids discovered running international banks. Story #474.,Fake
Cats officially declared smarter than all scientists. Story #145.,Fake
Researchers report water conservation improves crop yield. Report #48.,Real
Scientists discover promising treatment after clinical trials. Report #317.,Real
Aliens secretly elected the president yesterday. Story #45.,Fake
Local authorities inaugurate new public hospital. Report #394.,Real
Chocolate proven to make people immortal overnight. Story #109.,Fake
Meteorological department forecasts heavy rainfall this weekend. Report #53.,Real
Aliens secretly elected the president yesterday. Story #393.,Fake
Invisible dragons spotted flying over downtown. Story #355.,Fake
Chocolate proven to make people immortal overnight. Story #249.,Fake
Health ministry launches nationwide vaccination campaign. Report #202.,Real
Invisible dragons spotted flying over downtown. Story #140.,Fake
Invisible dragons spotted flying over downtown. Story #486.,Fake
Researchers report water conservation improves crop yield. Report #465.,Real
Dinosaurs found alive inside shopping mall basement. Story #404.,Fake
Technology company unveils new AI software for businesses. Report #104.,Real
Invisible dragons spotted flying over downtown. Story #394.,Fake
Mermaids discovered running international banks. Story #205.,Fake
Local authorities inaugurate new public hospital. Report #153.,Real
Meteorological department forecasts heavy rainfall this weekend. Report #500.,Real
Chocolate proven to make people immortal overnight. Story #55.,Fake
Meteorological department forecasts heavy rainfall this weekend. Report #150.,Real
Dinosaurs found alive inside shopping mall basement. Story #386.,Fake
Meteorological department forecasts heavy rainfall this weekend. Report #435.,Real
Health ministry launches nationwide vaccination campaign. Report #447.,Real
Moon made entirely of cheese confirmed by experts. Story #93.,Fake
Government replacing oxygen with invisible gas tomorrow. Story #79.,Fake
Local authorities inaugurate new public hospital. Report #437.,Real
Drinking bleach cures every disease instantly. Story #170.,Fake
University publishes study on renewable energy adoption. Report #250.,Real
Mermaids discovered running international banks. Story #458.,Fake
Central bank updates interest rate following economic review. Report #3.,Real
Dinosaurs found alive inside shopping mall basement. Story #282.,Fake
Government replacing oxygen with invisible gas tomorrow. Story #293.,Fake
Mermaids discovered running international banks. Story #446.,Fake
Researchers report water conservation improves crop yield. Report #279.,Real
Invisible dragons spotted flying over downtown. Story #468.,Fake
Researchers report water conservation improves crop yield. Report #248.,Real
Local authorities inaugurate new public hospital. Report #113.,Real
Invisible dragons spotted flying over downtown. Story #369.,Fake
University publishes study on renewable energy adoption. Report #300.,Real
Researchers report water conservation improves crop yield. Report #484.,Real
Central bank updates interest rate following economic review. Report #105.,Real
City opens new bridge to reduce traffic congestion. Report #127.,Real
City opens new bridge to reduce traffic congestion. Report #200.,Real
Health ministry launches nationwide vaccination campaign. Report #385.,Real
Drinking bleach cures every disease instantly. Story #1.,Fake
Aliens secretly elected the president yesterday. Story #210.,Fake
Moon made entirely of cheese confirmed by experts. Story #219.,Fake
University publishes study on renewable energy adoption. Report #324.,Real
Aliens secretly elected the president yesterday. Story #442.,Fake
Dinosaurs found alive inside shopping mall basement. Story #136.,Fake
Invisible dragons spotted flying over downtown. Story #195.,Fake
Aliens secretly elected the president yesterday. Story #183.,Fake
Dinosaurs found alive inside shopping mall basement. Story #417.,Fake
Central bank updates interest rate following economic review. Report #413.,Real
Moon made entirely of cheese confirmed by experts. Story #260.,Fake
Government replacing oxygen with invisible gas tomorrow. Story #106.,Fake
Aliens secretly elected the president yesterday. Story #188.,Fake
Scientists discover promising treatment after clinical trials. Report #251.,Real
Local authorities inaugurate new public hospital. Report #397.,Real
University publishes study on renewable energy adoption. Report #388.,Real
Health ministry launches nationwide vaccination campaign. Report #192.,Real
Invisible dragons spotted flying over downtown. Story #225.,Fake
Health ministry launches nationwide vaccination campaign. Report #101.,Real
Government replacing oxygen with invisible gas tomorrow. Story #191.,Fake
Drinking bleach cures every disease instantly. Story #47.,Fake
Mermaids discovered running international banks. Story #209.,Fake
Moon made entirely of cheese confirmed by experts. Story #337.,Fake
Aliens secretly elected the president yesterday. Story #32.,Fake
Government replacing oxygen with invisible gas tomorrow. Story #162.,Fake
Moon made entirely of cheese confirmed by experts. Story #16.,Fake
Scientists discover promising treatment after clinical trials. Report #451.,Real
Central bank updates interest rate following economic review. Report #429.,Real
City opens new bridge to reduce traffic congestion. Report #220.,Real
Meteorological department forecasts heavy rainfall this weekend. Report #489.,Real
Mermaids discovered running international banks. Story #461.,Fake
Meteorological department forecasts heavy rainfall this weekend. Report #380.,Real
Time traveler wins every lottery for next century. Story #396.,Fake
Drinking bleach cures every disease instantly. Story #244.,Fake
Invisible dragons spotted flying over downtown. Story #158.,Fake
Aliens secretly elected the president yesterday. Story #338.,Fake
Technology company unveils new AI software for businesses. Report #145.,Real
City opens new bridge to reduce traffic congestion. Report #168.,Real
Local authorities inaugurate new public hospital. Report #196.,Real
Mermaids discovered running international banks. Story #388.,Fake
Mermaids discovered running international banks. Story #229.,Fake
Health ministry launches nationwide vaccination campaign. Report #344.,Real
Central bank updates interest rate following economic review. Report #303.,Real
City opens new bridge to reduce traffic congestion. Report #60.,Real
City opens new bridge to reduce traffic congestion. Report #125.,Real
Local authorities inaugurate new public hospital. Report #282.,Real
Mermaids discovered running international banks. Story #168.,Fake
Mermaids discovered running international banks. Story #497.,Fake
University publishes study on renewable energy adoption. Report #343.,Real
Meteorological department forecasts heavy rainfall this weekend. Report #389.,Real
Health ministry launches nationwide vaccination campaign. Report #402.,Real
Health ministry launches nationwide vaccination campaign. Report #315.,Real
Local authorities inaugurate new public hospital. Report #85.,Real
Meteorological department forecasts heavy rainfall this weekend. Report #97.,Real
Cats officially declared smarter than all scientists. Story #326.,Fake
Time traveler wins every lottery for next century. Story #37.,Fake
Central bank updates interest rate following economic review. Report #86.,Real
Aliens secretly elected the president yesterday. Story #50.,Fake
Scientists discover promising treatment after clinical trials. Report #287.,Real
Health ministry launches nationwide vaccination campaign. Report #47.,Real
Drinking bleach cures every disease instantly. Story #286.,Fake
University publishes study on renewable energy adoption. Report #378.,Real
Time traveler wins every lottery for next century. Story #429.,Fake
Government announces new education policy in parliament. Report #184.,Real
Time traveler wins every lottery for next century. Story #470.,Fake
University publishes study on renewable energy adoption. Report #6.,Real
Central bank updates interest rate following economic review. Report #87.,Real
