user_id,content_id,interaction_type,timestamp
1,36,like,2026-06-27 15:33:29
1,1,view,2026-06-28 06:33:29
1,43,view,2026-07-04 05:18:54
1,31,view,2026-07-05 15:29:54
1,1,view,2026-07-11 04:33:40
1,7,like,2026-07-11 18:18:15
1,30,click,2026-07-13 18:43:25
1,44,click,2026-07-14 18:58:35
1,25,like,2026-07-16 02:50:14
1,35,click,2026-07-17 07:17:50
1,24,click,2026-07-17 21:01:02
1,54,click,2026-07-19 01:25:32
1,43,click,2026-07-19 11:55:51
1,12,click,2026-07-20 07:23:23
1,7,view,2026-07-20 11:33:50
1,49,view,2026-07-20 23:16:34
1,54,view,2026-07-22 07:15:32
1,18,view,2026-07-22 09:55:14
1,6,click,2026-07-22 17:06:46
1,19,click,2026-07-23 06:31:26
1,54,like,2026-07-23 21:03:54
1,48,click,2026-07-24 04:52:57
1,25,like,2026-07-25 07:25:02
1,24,click,2026-07-25 16:57:41
1,55,view,2026-07-26 03:28:18
1,47,like,2026-07-26 08:15:06
1,6,view,2026-07-27 13:08:12
2,2,like,2026-06-27 12:07:29
2,42,view,2026-06-27 13:15:29
2,50,click,2026-06-28 01:46:29
2,32,view,2026-06-30 06:10:37
2,14,search,2026-07-07 01:53:47
2,2,view,2026-07-07 03:45:46
2,38,click,2026-07-07 06:39:41
2,14,view,2026-07-08 15:52:16
2,19,view,2026-07-09 19:32:42
2,8,click,2026-07-11 12:52:52
2,8,view,2026-07-11 14:20:01
2,20,like,2026-07-13 00:06:45
2,56,view,2026-07-16 16:57:26
2,44,view,2026-07-20 03:28:02
2,8,like,2026-07-20 16:05:33
2,26,click,2026-07-21 01:36:37
2,2,view,2026-07-21 02:38:32
2,8,view,2026-07-22 22:29:35
2,14,click,2026-07-25 09:21:50
2,14,search,2026-07-25 09:35:54
2,14,view,2026-07-26 11:38:16
2,44,click,2026-07-27 09:17:58
2,50,like,2026-07-28 05:37:38
3,17,click,2026-06-27 18:34:29
3,35,view,2026-07-03 06:30:18
3,35,search,2026-07-05 08:01:48
3,29,like,2026-07-09 10:23:45
3,17,view,2026-07-14 12:19:32
3,26,view,2026-07-17 02:18:55
3,17,view,2026-07-18 14:24:07
3,20,view,2026-07-21 06:50:01
3,50,like,2026-07-22 09:55:06
3,47,view,2026-07-23 07:42:25
3,59,view,2026-07-23 11:47:27
3,4,click,2026-07-24 07:15:48
3,20,view,2026-07-24 09:53:12
3,56,click,2026-07-25 04:36:50
3,29,view,2026-07-25 17:55:17
3,5,click,2026-07-26 13:08:31
4,26,view,2026-06-28 04:11:29
4,60,view,2026-07-07 01:03:13
4,30,view,2026-07-17 00:56:51
4,41,view,2026-07-17 04:39:36
4,23,click,2026-07-17 14:48:14
4,48,like,2026-07-17 18:16:15
4,36,view,2026-07-18 02:22:22
4,23,click,2026-07-18 11:41:23
4,30,click,2026-07-20 01:20:31
4,36,like,2026-07-21 19:31:00
4,24,like,2026-07-22 01:40:02
4,54,click,2026-07-22 19:51:55
4,6,view,2026-07-23 02:08:09
4,6,click,2026-07-23 14:39:47
4,48,search,2026-07-23 15:05:38
4,43,view,2026-07-24 08:30:01
4,54,view,2026-07-25 09:24:16
4,12,view,2026-07-26 09:34:16
4,6,click,2026-07-26 11:04:55
4,60,click,2026-07-27 02:55:16
4,30,view,2026-07-27 03:53:11
5,14,view,2026-06-27 19:09:29
5,10,view,2026-06-29 04:21:47
5,30,click,2026-07-02 18:59:03
5,46,view,2026-07-06 04:38:30
5,24,click,2026-07-09 23:08:57
5,54,click,2026-07-10 23:37:08
5,6,like,2026-07-13 07:11:00
5,6,like,2026-07-13 13:03:00
5,48,click,2026-07-15 16:25:51
5,53,view,2026-07-17 08:53:28
5,42,like,2026-07-17 17:25:55
5,56,click,2026-07-18 08:36:35
5,12,view,2026-07-18 18:25:40
5,60,search,2026-07-19 20:16:45
5,36,click,2026-07-20 16:23:59
5,24,search,2026-07-20 23:52:26
5,12,view,2026-07-21 14:42:33
5,51,view,2026-07-22 00:43:39
5,57,view,2026-07-22 02:06:37
5,54,search,2026-07-22 06:03:49
5,18,like,2026-07-23 19:00:13
5,60,view,2026-07-25 15:03:01
5,6,like,2026-07-25 17:43:13
5,60,view,2026-07-26 00:27:17
5,50,view,2026-07-26 02:09:46
5,18,view,2026-07-26 16:42:52
5,24,view,2026-07-27 07:10:42
6,48,search,2026-06-27 15:57:29
6,54,view,2026-06-27 20:14:29
6,30,view,2026-06-28 03:19:29
6,12,click,2026-06-28 05:39:29
6,6,like,2026-07-04 13:03:18
6,24,view,2026-07-08 11:06:16
6,6,click,2026-07-11 17:00:49
6,30,view,2026-07-11 18:56:50
6,54,click,2026-07-12 11:34:49
6,60,view,2026-07-12 22:32:27
6,48,view,2026-07-14 02:41:01
6,60,view,2026-07-14 16:58:03
6,60,view,2026-07-15 10:30:11
6,6,view,2026-07-17 00:11:19
6,42,view,2026-07-17 10:28:57
6,12,view,2026-07-17 10:32:23
6,42,view,2026-07-18 02:44:20
6,54,view,2026-07-18 16:48:01
6,36,click,2026-07-20 16:26:15
6,6,click,2026-07-20 23:59:59
6,30,view,2026-07-21 05:10:18
6,36,view,2026-07-21 08:36:11
6,42,view,2026-07-24 09:39:23
6,24,like,2026-07-25 18:01:59
6,6,view,2026-07-26 03:02:28
6,54,click,2026-07-26 16:56:31
6,18,view,2026-07-26 20:09:23
6,10,view,2026-07-26 23:32:27
6,42,click,2026-07-27 00:47:53
6,42,click,2026-07-28 01:09:04
7,18,click,2026-07-04 09:28:16
7,5,view,2026-07-06 00:45:01
7,30,click,2026-07-06 20:11:20
7,12,view,2026-07-07 11:06:52
7,18,view,2026-07-11 21:30:04
7,42,view,2026-07-12 07:22:43
7,12,click,2026-07-16 20:34:18
7,42,like,2026-07-18 03:30:00
7,54,click,2026-07-20 08:40:34
7,12,view,2026-07-20 18:16:37
7,30,view,2026-07-21 17:18:38
7,24,view,2026-07-21 22:30:15
7,60,click,2026-07-22 13:20:08
7,18,view,2026-07-23 23:18:16
7,12,like,2026-07-25 04:40:03
7,39,view,2026-07-25 04:49:46
7,18,view,2026-07-26 10:01:05
8,23,view,2026-06-27 11:17:29
8,41,view,2026-06-27 19:03:29
8,35,like,2026-07-07 02:47:35
8,11,click,2026-07-07 11:54:05
8,35,click,2026-07-12 23:55:25
8,35,click,2026-07-13 02:00:44
8,5,like,2026-07-14 21:26:26
8,38,like,2026-07-15 01:36:36
8,44,view,2026-07-15 22:20:38
8,59,view,2026-07-16 03:00:43
8,59,view,2026-07-17 04:24:10
8,17,view,2026-07-17 21:51:20
8,35,like,2026-07-18 10:15:10
8,55,click,2026-07-19 01:58:32
8,59,search,2026-07-19 22:25:42
8,53,view,2026-07-21 03:30:59
8,53,view,2026-07-21 09:46:14
8,53,click,2026-07-21 10:22:33
8,53,view,2026-07-21 15:57:32
8,53,view,2026-07-22 19:16:50
8,41,search,2026-07-22 21:34:06
8,32,view,2026-07-23 01:15:22
8,11,click,2026-07-23 11:45:21
8,11,click,2026-07-23 19:53:35
8,47,view,2026-07-24 06:26:33
8,11,search,2026-07-24 06:57:59
8,5,view,2026-07-24 12:04:48
8,5,view,2026-07-24 23:57:56
8,11,search,2026-07-25 08:04:53
8,47,view,2026-07-26 10:49:28
8,17,view,2026-07-26 12:18:59
8,5,click,2026-07-26 16:39:57
8,17,search,2026-07-26 17:12:43
8,5,view,2026-07-27 05:29:02
8,59,view,2026-07-27 15:13:48
9,15,click,2026-06-27 15:21:29
9,33,view,2026-06-30 11:28:13
9,38,like,2026-06-30 13:23:28
9,32,view,2026-06-30 22:47:52
9,3,like,2026-07-03 12:36:21
9,2,view,2026-07-08 16:22:39
9,51,view,2026-07-12 00:16:03
9,33,view,2026-07-13 04:03:43
9,57,click,2026-07-14 16:05:13
9,51,view,2026-07-19 05:15:01
9,56,like,2026-07-20 16:25:28
9,45,view,2026-07-21 02:19:52
9,51,view,2026-07-24 21:48:00
9,15,view,2026-07-24 23:14:54
9,18,view,2026-07-27 05:55:07
9,40,like,2026-07-27 08:58:35
10,29,view,2026-06-28 08:38:29
10,53,view,2026-07-01 15:20:48
10,42,view,2026-07-03 06:48:39
10,5,like,2026-07-04 04:44:26
10,23,view,2026-07-10 01:00:01
10,11,search,2026-07-10 20:10:28
10,35,view,2026-07-12 23:36:42
10,59,view,2026-07-15 03:24:11
10,6,click,2026-07-16 00:59:20
10,11,click,2026-07-17 13:06:22
10,41,click,2026-07-18 11:42:19
10,23,click,2026-07-18 19:32:04
10,17,click,2026-07-19 07:09:57
10,4,like,2026-07-20 09:36:34
10,35,click,2026-07-20 20:59:07
10,41,like,2026-07-21 00:44:24
10,52,view,2026-07-21 06:42:13
10,17,view,2026-07-21 12:27:21
10,17,view,2026-07-22 03:37:03
10,35,click,2026-07-22 04:48:00
10,59,search,2026-07-22 06:44:47
10,53,view,2026-07-23 03:10:05
10,35,view,2026-07-24 00:10:11
10,59,click,2026-07-24 06:43:13
10,17,view,2026-07-24 07:21:34
10,17,click,2026-07-24 10:28:03
10,59,view,2026-07-25 00:58:40
10,11,like,2026-07-25 06:56:20
10,5,view,2026-07-27 06:23:29
10,47,view,2026-07-27 07:17:19
10,59,click,2026-07-27 09:44:39
10,9,view,2026-07-27 11:47:05
10,59,view,2026-07-28 00:50:18
10,58,view,2026-07-28 06:05:56
11,39,view,2026-06-27 14:16:29
11,51,view,2026-07-05 19:37:06
11,11,like,2026-07-13 17:36:21
11,3,click,2026-07-16 14:51:08
11,9,view,2026-07-16 22:06:37
11,40,view,2026-07-18 09:59:23
11,51,view,2026-07-18 12:30:13
11,15,like,2026-07-19 00:56:37
11,3,view,2026-07-19 13:06:12
11,27,click,2026-07-19 13:56:28
11,33,click,2026-07-19 21:46:28
11,9,view,2026-07-20 08:06:40
11,4,view,2026-07-21 15:52:45
11,33,view,2026-07-23 19:37:18
11,3,like,2026-07-24 05:53:04
11,3,view,2026-07-24 20:56:54
11,45,click,2026-07-25 19:32:20
11,15,search,2026-07-25 19:35:31
11,3,like,2026-07-27 01:00:54
11,51,click,2026-07-27 01:07:27
11,46,view,2026-07-27 13:55:59
11,3,view,2026-07-27 18:16:58
11,33,click,2026-07-28 07:16:58
12,44,view,2026-06-27 17:53:29
12,11,view,2026-06-27 18:03:29
12,47,view,2026-06-27 23:51:29
12,5,view,2026-07-01 10:25:22
12,5,click,2026-07-03 22:30:09
12,35,click,2026-07-10 00:52:06
12,47,click,2026-07-11 00:07:54
12,23,like,2026-07-12 03:28:09
12,13,view,2026-07-12 05:14:10
12,44,click,2026-07-13 16:25:14
12,59,click,2026-07-15 20:15:36
12,47,click,2026-07-16 14:02:18
12,41,view,2026-07-17 00:20:38
12,41,view,2026-07-17 03:12:35
12,11,view,2026-07-18 15:04:37
12,59,view,2026-07-19 07:38:37
12,41,view,2026-07-20 02:52:19
12,58,view,2026-07-20 13:35:39
12,41,click,2026-07-21 12:40:53
12,47,view,2026-07-23 17:26:54
12,53,view,2026-07-23 20:20:49
12,29,view,2026-07-23 22:48:38
12,5,view,2026-07-24 04:46:50
12,53,click,2026-07-24 05:33:23
12,5,view,2026-07-24 18:25:01
12,5,like,2026-07-25 08:03:24
12,29,view,2026-07-25 12:27:42
12,32,like,2026-07-25 19:02:40
12,35,view,2026-07-26 19:01:29
12,59,search,2026-07-26 20:52:21
12,22,view,2026-07-27 01:37:00
12,53,like,2026-07-27 09:21:22
12,47,view,2026-07-27 15:27:34
13,29,view,2026-06-27 12:48:29
13,47,like,2026-06-27 15:39:29
13,11,view,2026-06-27 20:04:29
13,35,search,2026-06-29 00:07:49
13,27,like,2026-07-05 20:52:34
13,41,click,2026-07-06 19:16:30
13,5,view,2026-07-09 19:26:05
13,35,view,2026-07-10 05:56:59
13,23,search,2026-07-10 08:24:27
13,46,view,2026-07-10 10:48:33
13,4,view,2026-07-10 16:00:48
13,53,view,2026-07-16 18:08:31
13,29,view,2026-07-18 03:00:27
13,4,view,2026-07-19 21:39:54
13,53,view,2026-07-20 16:19:46
13,58,view,2026-07-21 01:20:41
13,40,click,2026-07-21 11:14:01
13,41,click,2026-07-22 10:13:30
13,47,view,2026-07-22 13:21:52
13,4,search,2026-07-23 02:12:36
13,59,view,2026-07-23 02:17:37
13,34,view,2026-07-23 10:10:28
13,6,view,2026-07-23 11:24:47
13,40,view,2026-07-23 17:43:36
13,15,view,2026-07-23 17:54:24
13,22,click,2026-07-24 18:10:13
13,46,view,2026-07-24 23:23:57
13,45,search,2026-07-25 05:22:56
13,5,like,2026-07-25 17:06:43
13,47,view,2026-07-26 05:01:31
13,41,click,2026-07-26 07:10:18
13,34,view,2026-07-26 14:35:42
13,22,like,2026-07-26 18:09:49
13,13,click,2026-07-27 04:38:27
13,40,like,2026-07-27 11:17:02
13,45,view,2026-07-27 18:27:48
14,23,like,2026-06-27 13:22:29
14,41,search,2026-06-27 18:41:29
14,41,click,2026-07-12 22:21:02
14,56,click,2026-07-15 22:55:09
14,1,click,2026-07-16 03:21:10
14,23,click,2026-07-17 16:44:04
14,11,view,2026-07-18 01:39:37
14,53,like,2026-07-21 16:36:30
14,53,like,2026-07-21 21:53:26
14,17,view,2026-07-22 03:22:22
14,17,search,2026-07-22 08:48:12
14,53,view,2026-07-23 08:49:23
14,11,click,2026-07-24 15:12:19
14,30,click,2026-07-24 23:31:53
14,23,search,2026-07-25 07:21:18
14,11,click,2026-07-25 10:49:57
14,5,like,2026-07-27 04:37:37
14,29,click,2026-07-27 06:26:15
15,32,view,2026-06-27 14:46:29
15,20,view,2026-06-27 17:54:29
15,20,view,2026-06-27 22:16:29
15,44,search,2026-06-28 09:45:29
15,32,view,2026-07-05 12:31:20
15,38,click,2026-07-06 10:15:40
15,20,click,2026-07-06 17:20:39
15,26,view,2026-07-12 11:03:21
15,32,view,2026-07-14 06:09:15
15,26,view,2026-07-15 02:52:31
15,44,view,2026-07-17 03:44:33
15,2,view,2026-07-17 06:55:49
15,32,click,2026-07-18 08:14:53
15,50,view,2026-07-19 12:11:34
15,14,view,2026-07-20 09:40:57
15,14,like,2026-07-21 17:06:56
15,56,like,2026-07-22 03:54:52
15,38,view,2026-07-22 18:16:00
15,2,view,2026-07-25 02:11:35
15,32,click,2026-07-25 02:30:31
15,32,search,2026-07-26 05:38:09
15,8,like,2026-07-26 17:03:16
15,22,view,2026-07-26 17:17:21
15,38,view,2026-07-27 13:02:48
15,38,view,2026-07-28 02:27:50
15,38,view,2026-07-28 05:38:24
16,51,view,2026-06-27 11:55:29
16,57,view,2026-06-27 19:16:29
16,45,view,2026-06-27 21:57:29
16,51,click,2026-06-27 23:50:29
16,15,view,2026-07-06 21:44:48
16,57,view,2026-07-09 19:36:28
16,57,click,2026-07-10 18:36:29
16,51,search,2026-07-12 18:22:25
16,42,search,2026-07-13 00:17:27
16,57,search,2026-07-13 20:40:48
16,21,view,2026-07-16 05:29:30
16,39,search,2026-07-16 13:58:31
16,6,click,2026-07-17 00:56:20
16,24,view,2026-07-17 21:49:53
16,21,view,2026-07-19 16:10:01
16,21,view,2026-07-19 19:54:22
16,52,like,2026-07-20 02:48:53
16,27,like,2026-07-22 05:11:03
16,1,view,2026-07-22 17:19:19
16,21,view,2026-07-23 00:49:17
16,39,like,2026-07-23 16:38:30
16,45,view,2026-07-24 11:25:10
16,19,like,2026-07-25 02:49:09
16,9,click,2026-07-25 12:37:23
16,15,view,2026-07-25 14:16:26
16,9,view,2026-07-25 21:34:12
16,51,view,2026-07-25 22:46:39
16,9,like,2026-07-26 04:44:17
16,33,like,2026-07-26 08:27:43
16,51,click,2026-07-26 11:32:28
16,14,view,2026-07-26 23:56:25
16,57,view,2026-07-27 12:05:53
16,3,view,2026-07-27 18:18:18
16,57,view,2026-07-28 01:36:24
17,19,view,2026-07-06 07:03:27
17,31,search,2026-07-10 07:02:00
17,31,view,2026-07-13 08:17:55
17,49,view,2026-07-14 10:14:00
17,31,like,2026-07-15 01:22:19
17,37,view,2026-07-17 04:25:54
17,37,view,2026-07-17 09:14:00
17,7,click,2026-07-17 16:05:25
17,55,view,2026-07-19 10:36:36
17,13,view,2026-07-21 23:12:44
17,37,view,2026-07-22 09:35:59
17,43,view,2026-07-22 22:33:12
17,43,view,2026-07-23 20:44:05
17,37,view,2026-07-24 20:53:58
17,1,like,2026-07-25 06:31:34
17,7,view,2026-07-26 12:27:48
17,19,search,2026-07-26 17:06:27
17,37,click,2026-07-27 03:50:48
17,55,search,2026-07-27 21:26:53
18,11,click,2026-06-27 14:19:29
18,6,view,2026-07-02 13:58:10
18,35,click,2026-07-04 05:30:21
18,47,click,2026-07-04 16:04:58
18,35,click,2026-07-05 05:28:40
18,11,like,2026-07-06 13:08:44
18,60,view,2026-07-08 01:04:16
18,53,view,2026-07-11 22:12:05
18,29,view,2026-07-12 02:59:32
18,23,view,2026-07-13 09:37:50
18,5,like,2026-07-13 19:52:06
18,11,view,2026-07-14 02:33:23
18,53,like,2026-07-15 12:20:46
18,13,view,2026-07-15 17:02:15
18,47,view,2026-07-16 03:03:06
18,35,view,2026-07-16 03:55:32
18,29,click,2026-07-16 19:55:59
18,41,view,2026-07-18 20:17:00
18,41,like,2026-07-20 16:09:39
18,43,view,2026-07-21 10:51:28
18,41,view,2026-07-21 18:48:51
18,35,like,2026-07-22 01:53:26
18,59,view,2026-07-23 00:14:49
18,53,view,2026-07-23 21:56:28
18,5,view,2026-07-24 03:37:48
18,11,view,2026-07-24 08:16:30
18,11,like,2026-07-24 11:28:47
18,59,search,2026-07-25 14:48:34
18,17,view,2026-07-25 19:45:13
18,11,like,2026-07-25 21:39:42
18,5,view,2026-07-26 16:07:57
18,30,view,2026-07-26 18:36:37
18,29,view,2026-07-26 19:05:34
18,47,view,2026-07-26 19:42:53
18,29,view,2026-07-27 01:10:51
18,35,view,2026-07-27 04:35:21
18,53,view,2026-07-27 20:07:01
19,25,view,2026-06-27 12:58:29
19,12,search,2026-06-28 00:07:29
19,14,view,2026-07-01 04:27:28
19,21,click,2026-07-05 12:25:03
19,14,view,2026-07-07 07:09:33
19,2,click,2026-07-07 13:54:50
19,8,view,2026-07-14 16:46:54
19,19,view,2026-07-15 08:59:34
19,44,view,2026-07-15 23:02:38
19,25,view,2026-07-18 10:08:16
19,16,search,2026-07-18 13:26:13
19,7,like,2026-07-19 16:31:22
19,31,view,2026-07-20 05:51:22
19,49,view,2026-07-20 09:40:19
19,13,view,2026-07-20 12:53:24
19,2,view,2026-07-20 23:44:15
19,49,view,2026-07-21 16:46:46
19,8,like,2026-07-21 20:13:51
19,14,view,2026-07-22 00:23:02
19,32,view,2026-07-22 00:50:22
19,54,view,2026-07-22 01:25:29
19,8,view,2026-07-22 21:20:57
19,2,view,2026-07-22 21:33:23
19,8,click,2026-07-23 01:02:43
19,20,like,2026-07-24 15:16:22
19,37,search,2026-07-24 17:25:32
19,43,view,2026-07-25 08:28:35
19,7,click,2026-07-27 16:14:24
19,20,view,2026-07-27 16:48:54
20,60,view,2026-06-27 19:19:29
20,32,click,2026-07-06 09:09:28
20,56,view,2026-07-08 11:36:49
20,28,click,2026-07-09 05:01:28
20,33,view,2026-07-11 08:31:16
20,14,view,2026-07-17 02:17:19
20,36,view,2026-07-19 10:38:05
20,34,click,2026-07-19 20:13:46
20,50,search,2026-07-19 22:53:22
20,40,view,2026-07-21 00:25:55
20,16,click,2026-07-21 06:21:09
20,34,view,2026-07-22 10:24:17
20,32,view,2026-07-23 14:17:23
20,40,view,2026-07-24 09:53:00
20,32,view,2026-07-24 18:14:23
20,10,click,2026-07-24 18:25:09
20,45,view,2026-07-24 22:34:21
20,34,view,2026-07-26 04:04:37
20,32,click,2026-07-27 07:09:21
20,50,view,2026-07-27 19:56:15
21,49,click,2026-06-27 17:13:29
21,43,view,2026-06-30 16:06:33
21,7,click,2026-07-01 17:51:42
21,31,click,2026-07-08 09:52:09
21,55,like,2026-07-09 15:43:02
21,43,click,2026-07-10 09:10:33
21,19,like,2026-07-11 07:12:04
21,43,click,2026-07-11 23:11:48
21,37,view,2026-07-11 23:55:27
21,55,view,2026-07-12 15:42:18
21,49,view,2026-07-15 20:17:02
21,49,view,2026-07-17 12:55:46
21,49,click,2026-07-19 01:33:11
21,13,view,2026-07-19 04:32:27
21,37,like,2026-07-19 18:38:36
21,43,view,2026-07-20 14:17:11
21,1,view,2026-07-21 16:33:15
21,43,like,2026-07-22 03:20:47
21,10,click,2026-07-22 14:04:56
21,13,view,2026-07-23 21:19:07
21,13,view,2026-07-24 01:16:18
21,37,like,2026-07-24 08:57:58
21,55,view,2026-07-25 04:35:10
21,19,view,2026-07-25 11:37:14
21,25,click,2026-07-25 16:26:53
21,1,view,2026-07-25 17:09:48
21,4,view,2026-07-27 02:30:27
21,7,click,2026-07-27 14:24:22
22,3,view,2026-06-27 10:21:29
22,43,view,2026-06-27 23:37:29
22,30,click,2026-07-06 03:57:55
22,20,view,2026-07-07 02:47:59
22,15,view,2026-07-17 19:17:59
22,24,view,2026-07-18 21:40:05
22,18,like,2026-07-21 04:33:59
22,54,view,2026-07-22 02:50:37
22,12,click,2026-07-23 11:00:38
22,54,view,2026-07-23 21:23:32
22,15,view,2026-07-24 04:21:56
22,19,view,2026-07-24 09:16:14
22,21,view,2026-07-24 13:49:44
22,57,view,2026-07-24 19:18:38
22,27,view,2026-07-25 22:16:35
22,50,click,2026-07-26 01:26:15
22,12,view,2026-07-26 10:48:51
22,51,search,2026-07-26 16:31:33
22,51,search,2026-07-27 08:09:25
23,5,like,2026-06-28 00:20:29
23,43,search,2026-07-11 02:23:24
23,29,view,2026-07-14 05:30:09
23,53,like,2026-07-15 17:28:25
23,53,click,2026-07-15 20:48:48
23,47,view,2026-07-18 17:20:49
23,41,view,2026-07-19 16:09:27
23,5,click,2026-07-20 14:00:08
23,53,view,2026-07-22 23:08:36
23,26,view,2026-07-23 11:24:33
23,17,view,2026-07-24 13:14:41
23,51,click,2026-07-24 14:44:42
23,25,search,2026-07-24 16:28:35
23,5,view,2026-07-24 17:41:30
23,11,like,2026-07-25 08:06:47
23,47,view,2026-07-25 12:16:12
23,17,view,2026-07-25 15:31:06
23,17,view,2026-07-26 00:10:07
23,53,view,2026-07-26 03:04:02
23,35,view,2026-07-26 16:26:44
23,5,view,2026-07-26 23:37:49
23,5,click,2026-07-27 08:07:39
23,53,like,2026-07-27 14:10:14
23,59,view,2026-07-27 19:31:49
24,32,click,2026-06-28 09:25:29
24,8,view,2026-07-10 11:38:45
24,50,view,2026-07-11 01:46:03
24,31,like,2026-07-13 04:11:04
24,56,view,2026-07-14 17:09:40
24,2,click,2026-07-17 13:18:23
24,14,view,2026-07-19 23:14:55
24,26,view,2026-07-20 09:38:11
24,56,view,2026-07-20 10:59:06
24,2,view,2026-07-21 11:15:52
24,14,click,2026-07-24 20:54:31
24,32,click,2026-07-25 02:00:34
24,32,view,2026-07-25 04:53:41
24,53,view,2026-07-25 12:25:34
24,50,search,2026-07-26 01:42:49
24,20,click,2026-07-26 11:04:20
24,54,click,2026-07-27 15:19:10
25,52,view,2026-07-07 06:08:23
25,7,view,2026-07-07 07:01:44
25,22,view,2026-07-08 05:20:34
25,46,click,2026-07-08 15:51:50
25,26,view,2026-07-12 12:57:42
25,28,click,2026-07-12 17:51:26
25,10,view,2026-07-13 00:16:00
25,22,click,2026-07-13 00:48:34
25,52,view,2026-07-14 14:04:22
25,4,click,2026-07-16 00:35:52
25,12,search,2026-07-16 09:22:17
25,11,click,2026-07-16 16:42:23
25,34,click,2026-07-17 20:14:09
25,16,like,2026-07-19 13:54:17
25,58,view,2026-07-20 01:02:06
25,28,view,2026-07-21 09:05:38
25,22,view,2026-07-22 10:11:32
25,22,view,2026-07-22 14:05:15
25,46,view,2026-07-22 18:09:11
25,28,view,2026-07-23 17:32:46
25,30,like,2026-07-24 04:37:22
25,52,click,2026-07-24 11:53:55
25,52,view,2026-07-25 03:36:41
25,42,click,2026-07-25 22:57:07
25,46,view,2026-07-25 23:45:07
25,52,view,2026-07-26 04:42:36
25,46,click,2026-07-26 08:29:56
25,4,click,2026-07-26 11:50:22
25,34,view,2026-07-27 17:35:52
26,57,click,2026-06-27 13:52:29
26,27,view,2026-06-28 08:45:29
26,57,like,2026-07-05 21:11:06
26,22,search,2026-07-11 11:32:51
26,27,view,2026-07-12 03:42:07
26,3,click,2026-07-13 09:44:23
26,15,click,2026-07-14 21:05:17
26,21,click,2026-07-16 22:10:56
26,21,view,2026-07-18 12:27:18
26,9,click,2026-07-19 04:05:55
26,3,click,2026-07-19 08:23:02
26,27,click,2026-07-21 09:00:19
26,51,click,2026-07-22 05:06:56
26,33,click,2026-07-24 18:07:35
26,39,click,2026-07-25 06:02:43
26,27,view,2026-07-25 06:15:04
26,45,click,2026-07-25 08:50:30
26,9,click,2026-07-25 12:59:37
26,11,view,2026-07-26 00:08:00
26,57,click,2026-07-26 01:44:37
26,3,view,2026-07-27 13:56:50
26,57,view,2026-07-27 17:30:33
27,3,view,2026-06-28 02:31:29
27,21,view,2026-07-03 17:21:33
27,51,like,2026-07-03 23:50:13
27,28,click,2026-07-09 22:53:48
27,50,view,2026-07-10 18:46:53
27,35,view,2026-07-11 21:59:28
27,15,click,2026-07-13 08:54:11
27,14,click,2026-07-14 05:47:33
27,45,search,2026-07-15 15:24:22
27,45,view,2026-07-16 10:24:30
27,51,view,2026-07-16 15:50:45
27,18,click,2026-07-18 02:11:41
27,39,view,2026-07-18 08:13:59
27,3,search,2026-07-18 22:15:28
27,27,view,2026-07-18 23:26:34
27,3,like,2026-07-19 07:49:02
27,3,view,2026-07-19 11:38:12
27,9,view,2026-07-20 18:33:46
27,11,view,2026-07-20 22:56:07
27,33,click,2026-07-21 08:29:24
27,15,view,2026-07-21 21:06:47
27,39,like,2026-07-22 05:01:46
27,57,view,2026-07-22 23:02:15
27,57,view,2026-07-23 12:41:38
27,45,view,2026-07-23 18:21:07
27,15,search,2026-07-24 13:38:06
27,9,click,2026-07-24 14:30:34
27,21,view,2026-07-25 01:08:59
27,51,like,2026-07-25 01:45:05
27,23,view,2026-07-25 02:38:06
27,27,like,2026-07-25 04:56:41
27,60,view,2026-07-25 05:53:15
27,15,click,2026-07-25 07:52:48
27,51,view,2026-07-25 17:21:07
27,15,view,2026-07-26 09:22:45
27,39,view,2026-07-26 23:28:46
27,39,click,2026-07-27 05:54:41
27,57,click,2026-07-27 06:01:11
27,9,click,2026-07-27 12:17:14
27,33,view,2026-07-28 07:00:13
28,54,view,2026-07-03 08:59:32
28,45,click,2026-07-06 14:15:09
28,12,view,2026-07-08 23:59:24
28,36,click,2026-07-10 00:56:37
28,42,view,2026-07-12 13:34:18
28,42,click,2026-07-14 05:57:00
28,25,click,2026-07-17 00:45:36
28,39,view,2026-07-18 17:43:27
28,45,view,2026-07-18 23:13:14
28,30,click,2026-07-19 04:37:46
28,51,view,2026-07-19 12:21:14
28,39,view,2026-07-21 10:50:24
28,15,like,2026-07-24 14:00:38
28,48,view,2026-07-24 14:48:36
28,45,search,2026-07-25 06:43:02
28,57,view,2026-07-26 08:22:56
28,18,search,2026-07-26 17:23:18
28,27,view,2026-07-26 18:52:33
29,9,view,2026-06-27 23:52:29
29,24,view,2026-06-28 00:12:29
29,6,click,2026-06-29 16:30:27
29,2,like,2026-07-05 03:00:15
29,12,view,2026-07-06 16:14:18
29,30,view,2026-07-07 22:07:45
29,33,like,2026-07-09 07:19:42
29,42,view,2026-07-10 06:25:55
29,48,view,2026-07-10 06:27:43
29,6,view,2026-07-11 13:13:49
29,30,view,2026-07-12 22:30:47
29,60,like,2026-07-13 05:34:08
29,46,view,2026-07-15 00:34:46
29,18,click,2026-07-19 12:24:40
29,42,view,2026-07-20 13:33:09
29,48,view,2026-07-20 22:24:39
29,60,view,2026-07-21 05:43:26
29,18,view,2026-07-22 03:42:39
29,54,view,2026-07-22 11:11:10
29,54,like,2026-07-23 00:01:37
29,10,view,2026-07-23 02:49:34
29,48,click,2026-07-23 07:01:02
29,18,view,2026-07-23 07:27:21
29,38,like,2026-07-24 03:14:22
29,36,view,2026-07-24 13:00:14
29,48,like,2026-07-24 14:26:11
29,36,search,2026-07-26 02:37:42
29,42,click,2026-07-26 15:41:17
29,48,view,2026-07-27 00:38:08
29,6,view,2026-07-27 00:59:46
29,24,view,2026-07-27 02:32:57
29,54,view,2026-07-27 16:37:07
29,24,view,2026-07-27 17:27:08
30,10,view,2026-06-28 06:10:29
30,11,view,2026-07-03 22:53:37
30,46,view,2026-07-05 23:13:45
30,52,view,2026-07-06 02:07:18
30,46,view,2026-07-07 12:40:04
30,11,click,2026-07-08 04:00:15
30,34,view,2026-07-08 09:00:41
30,1,like,2026-07-08 21:53:35
30,4,click,2026-07-10 00:55:14
30,46,like,2026-07-10 03:59:09
30,5,view,2026-07-12 12:59:54
30,53,view,2026-07-13 15:52:42
30,22,click,2026-07-15 02:32:56
30,51,click,2026-07-15 05:22:20
30,46,search,2026-07-15 06:20:35
30,52,search,2026-07-15 17:07:57
30,52,view,2026-07-16 07:49:40
30,35,search,2026-07-16 18:09:14
30,28,view,2026-07-16 20:05:11
30,50,like,2026-07-18 06:06:27
30,11,click,2026-07-20 20:23:57
30,40,like,2026-07-22 06:53:59
30,23,view,2026-07-22 16:40:37
30,22,like,2026-07-23 11:26:33
30,40,click,2026-07-24 12:08:07
30,4,view,2026-07-24 19:56:23
30,20,view,2026-07-25 09:53:09
30,17,view,2026-07-25 10:43:36
30,35,like,2026-07-25 18:40:25
30,5,click,2026-07-25 18:52:10
30,58,click,2026-07-25 19:24:09
30,4,view,2026-07-25 20:55:06
30,46,click,2026-07-25 20:58:29
30,23,view,2026-07-25 21:23:25
30,58,search,2026-07-26 03:20:24
30,4,search,2026-07-26 03:42:18
30,16,view,2026-07-26 04:57:59
30,5,view,2026-07-26 05:43:19
30,23,click,2026-07-26 12:52:46
